{
  "url": "https://www.barschool.net/",
  "requestedUrl": "https://www.barschool.net/",
  "timestamp": 1661813571131,
  "ranks": {
    "hundos": 10,
    "performance": 6,
    "accessibility": 9,
    "cumulative": 10
  },
  "lighthouse": {
    "version": "9.6.6",
    "performance": 0.27,
    "accessibility": 0.72,
    "bestPractices": 0.75,
    "seo": 0.77,
    "total": 251
  },
  "firstContentfulPaint": 2838.5699999999997,
  "firstMeaningfulPaint": 3749.1859999999997,
  "speedIndex": 10559.98376653007,
  "largestContentfulPaint": 5891.586499999999,
  "totalBlockingTime": 2091.0950000000003,
  "cumulativeLayoutShift": 0.0061523030598958335,
  "timeToInteractive": 17882.461500000005,
  "maxPotentialFirstInputDelay": 530,
  "timeToFirstByte": 569.12,
  "weight": {
    "summary": "301 requests • 8,551 KiB",
    "total": 8756189,
    "image": 7252073,
    "imageCount": 201,
    "script": 1211433,
    "scriptCount": 42,
    "document": 61831,
    "font": 129883,
    "fontCount": 5,
    "stylesheet": 95470,
    "stylesheetCount": 6,
    "thirdParty": 8285578,
    "thirdPartyCount": 284
  },
  "run": {
    "number": 2,
    "total": 3
  },
  "sidequests": {
    "-weight.total": 10,
    "+weight.total": 1,
    "-weight.document": 7,
    "+weight.document": 4,
    "-weight.script": 7,
    "+weight.script": 4,
    "-weight.image": 10,
    "+weight.image": 1,
    "-weight.font": 6,
    "+weight.font": 5,
    "+weight.fontCount": 3,
    "-timeToFirstByte": 10,
    "-totalBlockingTime": 8,
    "-largestContentfulPaint": 6
  },
  "axe": {
    "passes": 1930,
    "violations": 58
  }
}