{
  "url": "https://www.qed42.com/work/migration-design-system-implementation-for-stanford-graduate-school-of-business",
  "requestedUrl": "https://www.qed42.com/work/migration-design-system-implementation-for-stanford-graduate-school-of-business",
  "timestamp": 1661812973753,
  "ranks": {
    "hundos": 1,
    "performance": 2,
    "accessibility": 3,
    "cumulative": 1
  },
  "lighthouse": {
    "version": "9.6.6",
    "performance": 0.49,
    "accessibility": 0.97,
    "bestPractices": 0.67,
    "seo": 0.93,
    "total": 306
  },
  "firstContentfulPaint": 2139.114,
  "firstMeaningfulPaint": 2139.114,
  "speedIndex": 10356.857707746669,
  "largestContentfulPaint": 2856.495499999999,
  "totalBlockingTime": 721.9999999999964,
  "cumulativeLayoutShift": 0.26479248046875,
  "timeToInteractive": 23116.916999999998,
  "maxPotentialFirstInputDelay": 437,
  "timeToFirstByte": 40.313,
  "weight": {
    "summary": "194 requests • 5,645 KiB",
    "total": 5780846,
    "image": 4741631,
    "imageCount": 29,
    "script": 722630,
    "scriptCount": 58,
    "document": 43147,
    "font": 123949,
    "fontCount": 5,
    "stylesheet": 131849,
    "stylesheetCount": 81,
    "thirdParty": 698807,
    "thirdPartyCount": 64
  },
  "run": {
    "number": 3,
    "total": 3
  },
  "sidequests": {
    "-weight.total": 6,
    "+weight.total": 2,
    "-weight.document": 6,
    "+weight.document": 2,
    "-weight.script": 5,
    "+weight.script": 3,
    "-weight.image": 6,
    "+weight.image": 2,
    "-weight.font": 3,
    "+weight.font": 5,
    "+weight.fontCount": 2,
    "-timeToFirstByte": 6,
    "-totalBlockingTime": 2,
    "-largestContentfulPaint": 1
  },
  "axe": {
    "error": "{\"name\":\"TimeoutError\"}"
  }
}