{
  "url": "https://www.gsb.stanford.edu/business-podcasts/think-fast-talk-smart-podcast",
  "requestedUrl": "https://www.gsb.stanford.edu/business-podcasts/think-fast-talk-smart-podcast",
  "timestamp": 1661812091585,
  "ranks": {
    "hundos": 10,
    "performance": 12,
    "accessibility": 13,
    "cumulative": 10
  },
  "lighthouse": {
    "version": "9.6.6",
    "performance": 0.25,
    "accessibility": 0.85,
    "bestPractices": 0.92,
    "seo": 0.85,
    "total": 287
  },
  "firstContentfulPaint": 3266.256999999999,
  "firstMeaningfulPaint": 3266.256999999999,
  "speedIndex": 16571.309605163297,
  "largestContentfulPaint": 15611.732500000002,
  "totalBlockingTime": 1201.9999999999982,
  "cumulativeLayoutShift": 0,
  "timeToInteractive": 18874.5495,
  "maxPotentialFirstInputDelay": 1309.9999999999964,
  "timeToFirstByte": 4835.94,
  "weight": {
    "summary": "238 requests • 2,560 KiB",
    "total": 2621370,
    "image": 735391,
    "imageCount": 50,
    "script": 1469045,
    "scriptCount": 44,
    "document": 109739,
    "font": 111636,
    "fontCount": 6,
    "stylesheet": 179641,
    "stylesheetCount": 101,
    "thirdParty": 1667007,
    "thirdPartyCount": 112
  },
  "run": {
    "number": 2,
    "total": 3
  },
  "sidequests": {
    "-weight.total": 8,
    "+weight.total": 6,
    "-weight.document": 6,
    "+weight.document": 8,
    "-weight.script": 8,
    "+weight.script": 6,
    "-weight.image": 13,
    "+weight.image": 1,
    "-weight.font": 4,
    "+weight.font": 10,
    "+weight.fontCount": 4,
    "-timeToFirstByte": 12,
    "-totalBlockingTime": 4,
    "-largestContentfulPaint": 13
  },
  "axe": {
    "passes": 1959,
    "violations": 18
  }
}