{
  "url": "https://www.qed42.design/",
  "requestedUrl": "https://www.qed42.design/",
  "timestamp": 1661813631422,
  "ranks": {
    "hundos": 1,
    "performance": 1,
    "accessibility": 5,
    "cumulative": 1
  },
  "lighthouse": {
    "version": "9.6.6",
    "performance": 0.82,
    "accessibility": 0.93,
    "bestPractices": 1,
    "seo": 0.82,
    "total": 357
  },
  "firstContentfulPaint": 1034.071,
  "firstMeaningfulPaint": 1034.071,
  "speedIndex": 2640.723959072635,
  "largestContentfulPaint": 4576.939,
  "totalBlockingTime": 87.5,
  "cumulativeLayoutShift": 0.02066672007242839,
  "timeToInteractive": 4297.147000000001,
  "maxPotentialFirstInputDelay": 102,
  "timeToFirstByte": 38.15499999999997,
  "weight": {
    "summary": "40 requests • 1,500 KiB",
    "total": 1541987,
    "image": 1192291,
    "imageCount": 14,
    "script": 103363,
    "scriptCount": 5,
    "document": 20632,
    "font": 122289,
    "fontCount": 2,
    "stylesheet": 0,
    "stylesheetCount": 0,
    "thirdParty": 845441,
    "thirdPartyCount": 6
  },
  "run": {
    "number": 3,
    "total": 3
  },
  "sidequests": {
    "-weight.total": 4,
    "+weight.total": 7,
    "-weight.document": 3,
    "+weight.document": 8,
    "-weight.script": 2,
    "+weight.script": 9,
    "-weight.image": 7,
    "+weight.image": 4,
    "-weight.font": 5,
    "+weight.font": 6,
    "+weight.fontCount": 6,
    "-timeToFirstByte": 4,
    "-totalBlockingTime": 1,
    "-largestContentfulPaint": 2
  },
  "axe": {
    "passes": 291,
    "violations": 41
  }
}