{
  "url": "https://www.qed42.com/insights",
  "requestedUrl": "https://www.qed42.com/insights",
  "timestamp": 1661812726452,
  "ranks": {
    "hundos": 2,
    "performance": 1,
    "accessibility": 5,
    "cumulative": 2
  },
  "lighthouse": {
    "version": "9.6.6",
    "performance": 0.49,
    "accessibility": 0.94,
    "bestPractices": 0.67,
    "seo": 0.93,
    "total": 303
  },
  "firstContentfulPaint": 2198.185,
  "firstMeaningfulPaint": 2198.185,
  "speedIndex": 5944.441300689508,
  "largestContentfulPaint": 3121.7245000000003,
  "totalBlockingTime": 851.4999999999991,
  "cumulativeLayoutShift": 0.31675034586588546,
  "timeToInteractive": 12350.154,
  "maxPotentialFirstInputDelay": 449,
  "timeToFirstByte": 35.459,
  "weight": {
    "summary": "186 requests • 1,634 KiB",
    "total": 1673453,
    "image": 848929,
    "imageCount": 43,
    "script": 540482,
    "scriptCount": 48,
    "document": 19855,
    "font": 142943,
    "fontCount": 4,
    "stylesheet": 103807,
    "stylesheetCount": 74,
    "thirdParty": 477845,
    "thirdPartyCount": 51
  },
  "run": {
    "number": 1,
    "total": 3
  },
  "sidequests": {
    "-weight.total": 5,
    "+weight.total": 3,
    "-weight.document": 2,
    "+weight.document": 6,
    "-weight.script": 1,
    "+weight.script": 7,
    "-weight.image": 5,
    "+weight.image": 3,
    "-weight.font": 6,
    "+weight.font": 2,
    "+weight.fontCount": 3,
    "-timeToFirstByte": 3,
    "-totalBlockingTime": 3,
    "-largestContentfulPaint": 3
  },
  "axe": {
    "passes": 74,
    "violations": 2
  }
}