{
  "url": "https://www.gsb.stanford.edu/insights/class-takeaways-how-lead-through-workplace-culture",
  "requestedUrl": "https://www.gsb.stanford.edu/insights/class-takeaways-how-lead-through-workplace-culture",
  "timestamp": 1661812063559,
  "ranks": {
    "hundos": 6,
    "performance": 5,
    "accessibility": 5,
    "cumulative": 6
  },
  "lighthouse": {
    "version": "9.6.6",
    "performance": 0.36,
    "accessibility": 0.99,
    "bestPractices": 0.92,
    "seo": 0.86,
    "total": 313
  },
  "firstContentfulPaint": 2712.5660000000003,
  "firstMeaningfulPaint": 2712.5660000000003,
  "speedIndex": 11209.349882759561,
  "largestContentfulPaint": 4087.5,
  "totalBlockingTime": 1812.4999999999982,
  "cumulativeLayoutShift": 0.010042317708333333,
  "timeToInteractive": 21582.867500000004,
  "maxPotentialFirstInputDelay": 820,
  "timeToFirstByte": 47.13499999999999,
  "weight": {
    "summary": "247 requests • 2,682 KiB",
    "total": 2746508,
    "image": 127500,
    "imageCount": 45,
    "script": 2129546,
    "scriptCount": 51,
    "document": 128796,
    "font": 137083,
    "fontCount": 7,
    "stylesheet": 181200,
    "stylesheetCount": 99,
    "thirdParty": 2322676,
    "thirdPartyCount": 123
  },
  "run": {
    "number": 1,
    "total": 3
  },
  "sidequests": {
    "-weight.total": 10,
    "+weight.total": 4,
    "-weight.document": 9,
    "+weight.document": 5,
    "-weight.script": 10,
    "+weight.script": 4,
    "-weight.image": 7,
    "+weight.image": 7,
    "-weight.font": 11,
    "+weight.font": 3,
    "+weight.fontCount": 3,
    "-timeToFirstByte": 7,
    "-totalBlockingTime": 9,
    "-largestContentfulPaint": 6
  },
  "axe": {
    "passes": 1346,
    "violations": 24
  }
}