{
  "url": "https://www.gsb.stanford.edu/",
  "requestedUrl": "https://www.gsb.stanford.edu/",
  "timestamp": 1661813224258,
  "ranks": {
    "hundos": 4,
    "performance": 7,
    "accessibility": 1,
    "cumulative": 4
  },
  "lighthouse": {
    "version": "9.6.6",
    "performance": 0.26,
    "accessibility": 0.98,
    "bestPractices": 0.83,
    "seo": 0.93,
    "total": 300
  },
  "firstContentfulPaint": 2954.5609999999997,
  "firstMeaningfulPaint": 2954.5609999999997,
  "speedIndex": 11890.478136011543,
  "largestContentfulPaint": 6141.183,
  "totalBlockingTime": 1967,
  "cumulativeLayoutShift": 0,
  "timeToInteractive": 27485.198946159362,
  "maxPotentialFirstInputDelay": 742,
  "timeToFirstByte": 16.86,
  "weight": {
    "summary": "266 requests • 4,011 KiB",
    "total": 4107636,
    "image": 1077789,
    "imageCount": 61,
    "script": 2442110,
    "scriptCount": 52,
    "document": 169508,
    "font": 129899,
    "fontCount": 7,
    "stylesheet": 267836,
    "stylesheetCount": 107,
    "thirdParty": 3091047,
    "thirdPartyCount": 136
  },
  "run": {
    "number": 1,
    "total": 3
  },
  "sidequests": {
    "-weight.total": 8,
    "+weight.total": 3,
    "-weight.document": 10,
    "+weight.document": 1,
    "-weight.script": 10,
    "+weight.script": 1,
    "-weight.image": 6,
    "+weight.image": 5,
    "-weight.font": 7,
    "+weight.font": 4,
    "+weight.fontCount": 2,
    "-timeToFirstByte": 1,
    "-totalBlockingTime": 7,
    "-largestContentfulPaint": 8
  },
  "axe": {
    "passes": 1173,
    "violations": 27
  }
}