{
  "url": "https://www.nestle.com/",
  "requestedUrl": "https://www.nestle.com/",
  "timestamp": 1661813711524,
  "ranks": {
    "hundos": 7,
    "performance": 9,
    "accessibility": 7,
    "cumulative": 7
  },
  "lighthouse": {
    "version": "9.6.6",
    "performance": 0.22,
    "accessibility": 0.83,
    "bestPractices": 1,
    "seo": 0.89,
    "total": 294
  },
  "firstContentfulPaint": 2960.081,
  "firstMeaningfulPaint": 2960.081,
  "speedIndex": 6084.343129123071,
  "largestContentfulPaint": 12374.487500000001,
  "totalBlockingTime": 1225.500000000001,
  "cumulativeLayoutShift": 0.29069230969746906,
  "timeToInteractive": 15837.658000000003,
  "maxPotentialFirstInputDelay": 454,
  "timeToFirstByte": 38.649,
  "weight": {
    "summary": "89 requests • 3,021 KiB",
    "total": 3093325,
    "image": 1877036,
    "imageCount": 48,
    "script": 643311,
    "scriptCount": 25,
    "document": 61064,
    "font": 290874,
    "fontCount": 5,
    "stylesheet": 219859,
    "stylesheetCount": 6,
    "thirdParty": 542042,
    "thirdPartyCount": 26
  },
  "run": {
    "number": 3,
    "total": 3
  },
  "sidequests": {
    "-weight.total": 7,
    "+weight.total": 4,
    "-weight.document": 6,
    "+weight.document": 5,
    "-weight.script": 6,
    "+weight.script": 5,
    "-weight.image": 9,
    "+weight.image": 2,
    "-weight.font": 9,
    "+weight.font": 2,
    "+weight.fontCount": 3,
    "-timeToFirstByte": 5,
    "-totalBlockingTime": 6,
    "-largestContentfulPaint": 10
  },
  "axe": {
    "passes": 1545,
    "violations": 25
  }
}